CREATE DATABASE Foto;

CREATE TABLE Фотографы (
    ID INT PRIMARY KEY,
    Имя VARCHAR(255),
    Фамилия VARCHAR(255),
    Стаж INT,
    Зарплата DECIMAL(10, 2),
    Специализация VARCHAR(255)
);

-- Добавление записей в таблицу "Фотографы"
INSERT INTO Фотографы (ID, Имя, Фамилия, Стаж, Зарплата, Специализация) VALUES
    (1, 'Алексей', 'Иванов', 4, 1200.00, 'Портреты'),
    (2, 'Екатерина', 'Петрова', 2, 1000.50, 'Свадьбы'),
    (3, 'Игорь', 'Смирнов', 6, 1500.75, 'Мода'),
    (4, 'Марина', 'Козлова', 3, 1100.25, 'Продукты'),
    (5, 'Дмитрий', 'Васильев', 5, 1300.00, 'Архитектура'),
    (6, 'Анна', 'Никитина', 1, 900.50, 'Спорт'),
    (7, 'Сергей', 'Морозов', 7, 1800.00, 'Животные'),
    (8, 'Ольга', 'Соловьева', 4, 1400.75, 'Путешествия'),
    (9, 'Павел', 'Лебедев', 3, 1300.25, 'Семейные'),
    (10, 'Анастасия', 'Зайцева', 5, 1600.50, 'Искусство');

CREATE TABLE Клиенты (
    ID INT PRIMARY KEY,
    Имя VARCHAR(255),
    Фамилия VARCHAR(255),
    Номер_телефона VARCHAR(15),
    Электронная_почта VARCHAR(255)
);


INSERT INTO Клиенты (ID, Имя, Фамилия, Номер_телефона, Электронная_почта) VALUES
    (1, 'Ирина', 'Иванова', '+1234567890', 'irina@example.com'),
    (2, 'Александр', 'Петров', '+0987654321', 'alex@example.com'),
    (3, 'Екатерина', 'Смирнова', '+1122334455', 'ekaterina@example.com'),
    (4, 'Андрей', 'Козлов', '+3344556677', 'andrey@example.com'),
    (5, 'Наталья', 'Васильева', '+5566778899', 'natalia@example.com'),
    (6, 'Артем', 'Никитин', '+9900112233', 'artem@example.com'),
    (7, 'Елена', 'Морозова', '+1122334455', 'elena@example.com'),
    (8, 'Антон', 'Соловьев', '+3344556677', 'anton@example.com'),
    (9, 'Оксана', 'Лебедева', '+5566778899', 'oksana@example.com'),
    (10, 'Максим', 'Зайцев', '+9900112233', 'maxim@example.com');



CREATE TABLE Заказы (
    ID INT PRIMARY KEY,
    ID_фотографа INT,
    ID_клиента INT,
    Дата_заказа DATE,
    Стоимость DECIMAL(10, 2),
    FOREIGN KEY (ID_фотографа) REFERENCES Фотографы(ID),
    FOREIGN KEY (ID_клиента) REFERENCES Клиенты(ID

)
);


INSERT INTO Заказы (ID, ID_фотографа, ID_клиента, Дата_заказа, Стоимость) VALUES
    (1, 1, 1, '2024-02-22', 200.00),
    (2, 2, 3, '2024-02-23', 150.50),
    (3, 3, 2, '2024-02-24', 300.75),
    (4, 4, 4, '2024-02-25', 250.25),
    (5, 5, 6, '2024-02-26', 280.00),
    (6, 6, 5, '2024-02-27', 180.50),
    (7, 7, 7, '2024-02-28', 400.00),
    (8, 8, 9, '2024-02-29', 350.75),
    (9, 9, 8, '2024-03-01', 320.25),
    (10, 10, 10, '2024-03-02', 400.50);


CREATE TABLE Оборудование (
    ID INT PRIMARY KEY,
    Название VARCHAR(255),
    Тип VARCHAR(255),
    Состояние VARCHAR(50),
    Стоимость DECIMAL(10, 2)
);


INSERT INTO Оборудование (ID, Название, Тип, Состояние, Стоимость) VALUES
    (1, 'Canon EOS 5D Mark IV', 'Камера', 'Новое', 2500.00),
    (2, 'Nikon D850', 'Камера', 'Использованное', 2300.50),
    (3, 'Profoto B1X', 'Вспышка', 'Новое', 1200.75),
    (4, 'Sigma 24-70 mm f/2.8', 'Объектив', 'Использованный', 800.25),
    (5, 'DJI Ronin-S', 'Стабилизатор', 'Новый', 900.00),
    (6, 'Manfrotto 055XPRO3', 'Штатив', 'Использованный', 250.50),
    (7, 'Godox AD200', 'Вспышка', 'Новая', 300.00),
    (8, 'Tamron 70-200mm f/2.8', 'Объектив', 'Новый', 1100.75),
    (9, 'Sony A7R III', 'Камера', 'Новая', 2800.25),
    (10, 'Elinchrom D-Lite RX 4', 'Вспышка', 'Использованная', 400.50);


	CREATE TABLE Фотосессии (
    ID INT PRIMARY KEY,
    ID_заказа INT,
    ID_фотографа INT,
    ID_оборудования INT,
    Дата_фотосессии DATE,
    FOREIGN KEY (ID_заказа) REFERENCES Заказы(ID),
    FOREIGN KEY (ID_фотографа) REFERENCES Фотографы(ID),
    FOREIGN KEY (ID_оборудования) REFERENCES Оборудование(ID)
);

INSERT INTO Фотосессии (ID, ID_заказа, ID_фотографа, ID_оборудования, Дата_фотосессии) VALUES
    (1, 1, 1, 1, '2024-02-22'),
    (2, 2, 2, 2, '2024-02-23'),
    (3, 3, 3, 3, '2024-02-24'),
    (4, 4, 4, 4, '2024-02-25'),
    (5, 5, 5, 5, '2024-02-26'),
    (6, 6, 6, 6, '2024-02-27'),
    (7, 7, 7, 7, '2024-02-28'),
    (8, 8, 8, 8, '2024-02-29'),
    (9, 9, 9, 9, '2024-03-01'),
    (10, 10, 10, 10, '2024-03-02');
